,solver,jit_time,ave_run_time,ave_distance,jit_grad_time,jit_vmap_time,ave_grad_run_time,construction_time,step_count,tol,cpus,gpus,cheb_order,exp_order,vmap,num_inputs,test
0,dyson,2.0165610313415527,0.5080734038352966,0.01087424772235234,122.61720204353333,52.840599060058594,1.1587078762054444,3.11177659034729,10000.0,0.0,1,0,0,2,1,100,0
1,dyson,2.425499439239502,0.5729048109054565,0.010874332541018182,140.95509028434753,59.76540231704712,1.3311243891716003,4.536417722702026,10000.0,0.0,1,0,1,2,1,100,0
2,dyson,2.046604871749878,0.5114779663085938,0.01087424772235191,6.817458391189575,2.475187301635742,1.2006230163574219,3.3221848011016846,10000.0,0.0,1,0,0,2,1,1,0
3,dyson,2.523160219192505,0.5728079295158386,0.010874332541017889,8.209911584854126,3.0393428802490234,1.3188503527641295,4.77825665473938,10000.0,0.0,1,0,1,2,1,1,0
4,dyson,3.0095784664154053,0.6805969715118408,0.01087463918627124,10.212019205093384,3.588590145111084,1.6306276202201844,9.13809609413147,10000.0,0.0,1,0,2,2,1,1,0
5,dyson,2.2965292930603027,0.5470510697364808,0.0004938564017839979,7.489470720291138,2.7743172645568848,1.2669486498832703,3.1354053020477295,10000.0,0.0,1,0,0,3,1,1,0
6,dyson,3.2037084102630615,0.8825278282165527,0.0004938275229098854,11.318679332733154,4.068843841552734,1.9951194429397583,8.028411149978638,10000.0,0.0,1,0,1,3,1,1,0
7,dyson,5.8624396324157715,1.8474864721298219,0.0004938125464682845,17.191421270370483,6.574754476547241,4.154998903274536,27.91834330558777,10000.0,0.0,1,0,2,3,1,1,0
8,dyson,2.7063474655151367,0.674540057182312,3.5597047524219248e-06,8.501615285873413,3.2651314735412598,1.5295662593841552,4.1376824378967285,10000.0,0.0,1,0,0,4,1,1,0
9,dyson,5.551458358764648,2.049400906562805,2.3512744641100346e-06,16.895549297332764,6.956713676452637,4.308710675239563,20.272731065750122,10000.0,0.0,1,0,1,4,1,1,0
10,dyson,13.121419429779053,6.734879055023193,2.056217121226375e-06,34.253233671188354,14.82990026473999,13.79968557357788,106.24332427978516,10000.0,0.0,1,0,2,4,1,1,0
11,dyson,3.222261428833008,0.25842296600341796,0.010874247728263281,9.024516582489014,4.077712535858154,0.714076201915741,4.384329080581665,10000.0,0.0,64,0,0,2,1,1,0
12,dyson,1.9787843227386475,0.46241413116455077,0.01087424772235191,6.2576165199279785,2.44282603263855,1.0982885885238647,3.0945661067962646,10000.0,0.0,1,0,0,2,1,1,0
13,dyson,2.162806510925293,0.5177090311050415,0.01087424772235234,18.803778409957886,7.445888996124268,1.1883994221687317,3.55389666557312,10000.0,0.0,1,0,0,2,1,10,0
14,dyson,3.695490598678589,0.2742571258544922,0.010874332546942358,10.689507484436035,4.686147451400757,0.731534788608551,5.683378458023071,10000.0,0.0,64,0,1,2,1,1,0
15,dyson,3.8024473190307617,0.8482993078231812,2.1859131538500233e-06,11.232259511947632,3.9943814277648926,1.9193791675567626,5.33245062828064,10000.0,0.0,1,0,0,5,1,1,0
16,dyson,2.3774707317352295,0.5241774797439576,0.010874332541017889,7.682465553283691,2.8628926277160645,1.2356773042678832,4.475108623504639,10000.0,0.0,1,0,1,2,1,1,0
17,dyson,4.069934606552124,0.282212438583374,0.010874639192192358,11.720891952514648,5.075825214385986,0.7693455243110656,9.053415060043335,10000.0,0.0,64,0,2,2,1,1,0
18,dyson,2.5413706302642822,0.5863165378570556,0.010874332541018182,22.2486093044281,8.548377752304077,1.357905547618866,5.045837640762329,10000.0,0.0,1,0,1,2,1,10,0
19,dyson,3.4165432453155518,0.2683333206176758,0.0004938564014390367,9.927472591400146,4.254660367965698,0.7605844116210938,3.759770154953003,10000.0,0.0,64,0,0,3,1,1,0
20,dyson,2.859494686126709,0.633148307800293,0.01087463918627124,9.205036878585815,3.3821370601654053,1.5006907868385315,8.675670146942139,10000.0,0.0,1,0,2,2,1,1,0
21,dyson,4.406838417053223,0.2941454291343689,0.0004938275226546549,12.75439977645874,5.659284353256226,0.8297888898849487,7.83067774772644,10000.0,0.0,64,0,1,3,1,1,0
22,dyson,3.0821895599365234,0.7164630842208862,0.010874639186271452,27.178284168243408,10.459879875183105,1.6649583053588868,9.982497215270996,10000.0,0.0,1,0,2,2,1,10,0
23,dyson,2.148784875869751,0.5008859610557557,0.0004938564017839979,7.084961891174316,2.623863935470581,1.181978588104248,2.8989570140838623,10000.0,0.0,1,0,0,3,1,1,0
24,dyson,5.635056495666504,0.34159485816955565,0.0004938125461716978,15.832402467727661,6.550251722335815,0.9509642934799194,17.374073266983032,10000.0,0.0,64,0,2,3,1,1,0
25,dyson,2.091810464859009,0.5220938372612,0.01087424772235234,125.54792213439941,54.43506121635437,1.189944236278534,3.3025660514831543,10000.0,0.0,1,0,0,2,1,100,0
26,dyson,2.340738534927368,0.5573255634307861,0.0004938564017839809,21.0401554107666,8.373509883880615,1.2814148235321046,3.2174384593963623,10000.0,0.0,1,0,0,3,1,10,0
27,dyson,3.670748233795166,0.278914201259613,3.5596882185299638e-06,11.04125189781189,4.649094343185425,0.7496689343452454,4.36697793006897,10000.0,0.0,64,0,0,4,1,1,0
28,dyson,3.2022738456726074,0.8137496423721313,0.0004938275229098854,10.188056707382202,4.065730094909668,1.8767724108695985,7.657227516174316,10000.0,0.0,1,0,1,3,1,1,0
29,dyson,5.280548095703125,0.3290277361869812,2.3512695183884116e-06,15.45072603225708,6.820913314819336,0.9252127003669739,13.86732792854309,10000.0,0.0,64,0,1,4,1,1,0
30,dyson,2.4349365234375,0.5853131175041199,0.010874332541018182,143.12043976783752,61.13752555847168,1.3547771906852721,4.534726142883301,10000.0,0.0,1,0,1,2,1,100,0
31,dyson,3.459012985229492,0.9294383549690246,0.0004938275229098765,32.13558745384216,13.308112144470215,2.066010506153107,8.951398611068726,10000.0,0.0,1,0,1,3,1,10,0
32,dyson,2.561472177505493,0.5596263861656189,0.01087424772235234,72.95354771614075,30.77428364753723,1.297214798927307,4.11583399772644,10000.0,0.0,1,0,0,2,1,50,0
33,dyson,7.071668863296509,0.5196542310714721,2.056211393260924e-06,25.50203800201416,8.043636560440063,1.3752299928665161,46.53358054161072,10000.0,0.0,64,0,2,4,1,1,0
34,dyson,4.224695682525635,0.2831341314315796,2.18590563956516e-06,11.087159633636475,4.562891721725464,0.7761439108848571,4.588674068450928,10000.0,0.0,64,0,0,5,1,1,0
35,dyson,2.942408561706543,0.6564199876785278,0.010874332541018182,88.13451623916626,35.186787128448486,1.5273645424842834,5.637714862823486,10000.0,0.0,1,0,1,2,1,50,0
36,dyson,5.565484046936035,1.7379594039916992,0.0004938125464682845,15.623971939086914,6.151933670043945,3.743935580253601,26.486654043197632,10000.0,0.0,1,0,2,3,1,1,0
37,dyson,6.127866983413696,0.42974804639816283,3.7529407226598457e-07,18.046316862106323,7.13330864906311,1.1626116442680359,26.558181762695312,10000.0,0.0,64,0,1,5,1,1,0
38,dyson,2.9457013607025146,0.7162258219718933,0.010874639186271452,176.43465876579285,75.11406326293945,1.6719074869155883,8.715338945388794,10000.0,0.0,1,0,2,2,1,100,0
39,dyson,10.011968851089478,4.810313241481781,3.752996642980154e-07,25.452919960021973,11.567968606948853,9.279911065101624,52.34604835510254,10000.0,0.0,1,0,1,5,1,1,0
40,dyson,2.428438901901245,0.5797526073455811,3.5597047524219248e-06,7.73965311050415,2.9580681324005127,1.350448055267334,3.6013846397399902,10000.0,0.0,1,0,0,4,1,1,0
41,dyson,6.071808338165283,2.0676483297348023,0.0004938125464683243,59.026320934295654,26.044813871383667,4.253844087123871,29.011518716812134,10000.0,0.0,1,0,2,3,1,10,0
42,dyson,3.7847325801849365,0.8012921833992004,0.010874639186271452,107.43225455284119,43.68712830543518,1.8916617774963378,11.778149604797363,10000.0,0.0,1,0,2,2,1,50,0
43,dyson,2.2332098484039307,0.5557849049568176,0.0004938564017839809,136.13333296775818,57.88067698478699,1.3041047477722167,2.9625911712646484,10000.0,0.0,1,0,0,3,1,100,0
44,dyson,2.05094838142395,0.48299798647562664,0.010874935434341988,172.5336000919342,74.49389314651489,1.1085573975245158,2.9947681427001953,10000.0,0.0,1,0,0,2,1,150,0
45,dyson,2.648294687271118,0.6521084046363831,3.5597047522301688e-06,23.673231840133667,9.34486198425293,1.4698729228973388,4.130777597427368,10000.0,0.0,1,0,0,4,1,10,0
46,dyson,10.631630420684814,1.1297394728660584,7.126529067516326e-08,34.603747606277466,12.073181390762329,2.9378692889213562,152.15323638916016,10000.0,0.0,64,0,2,5,1,1,0
47,dyson,2.7092795372009277,0.6219411396980286,0.0004938564017839809,82.70056915283203,32.92207145690918,1.4503735375404359,3.6777074337005615,10000.0,0.0,1,0,0,3,1,50,0
48,dyson,5.071109771728516,1.7943900156021118,2.3512744641100346e-06,14.945076704025269,6.262343406677246,3.829964323043823,18.144065141677856,10000.0,0.0,1,0,1,4,1,1,0
49,magnus,14.031403541564941,5.218580532073974,4.2500530325700946e-05,45.977829694747925,14.037104368209839,18.841169126033783,3.6255853176116943,10000.0,0.0,1,0,0,2,1,1,0
50,dyson,3.7430579662323,0.5255774021148681,0.0028099441634873486,9.580280065536499,4.610031843185425,1.397990608215332,3.2914490699768066,20000.0,0.0,64,0,0,2,1,1,0
51,dyson,2.3487937450408936,0.5525271113713582,0.010875015575563191,199.06371021270752,85.35103964805603,1.2758006191253661,4.366415500640869,10000.0,0.0,1,0,1,2,1,150,0
52,dyson,4.127934217453003,0.5034101915359497,0.0028099665113627127,10.483105659484863,5.122239589691162,1.3884667539596558,4.8556740283966064,20000.0,0.0,64,0,1,2,1,1,0
53,magnus,14.162750005722046,5.734788038730621,4.250053032583149e-05,235.5336410999298,69.41325330734253,19.573021011352537,3.592320203781128,10000.0,0.0,1,0,0,2,1,10,0
54,dyson,3.3150415420532227,0.9600133657455444,0.0004938275229098765,226.76018071174622,99.27678394317627,2.162367489337921,8.245923519134521,10000.0,0.0,1,0,1,3,1,100,0
55,dyson,5.513694524765015,2.043095211982727,2.351274463844494e-06,56.47851800918579,26.019018173217773,4.077480823993683,20.0995192527771,10000.0,0.0,1,0,1,4,1,10,0
56,dyson,4.708113670349121,0.5218467235565185,0.002810044417170978,12.113699197769165,5.684546709060669,1.4393842029571533,6.9317615032196045,20000.0,0.0,64,0,2,2,1,1,0
57,dyson,4.2775044441223145,1.1027210831642151,0.0004938275229098765,142.84565091133118,58.644510984420776,2.55720433473587,10.460257053375244,10000.0,0.0,1,0,1,3,1,50,0
58,dyson,3.932189464569092,0.5023881793022156,6.691001440745381e-05,10.18259310722351,4.9868340492248535,1.3873735237121583,2.5007073879241943,20000.0,0.0,64,0,0,3,1,1,0
59,dyson,4.711501359939575,0.5406181836128234,6.69018368604111e-05,13.657089710235596,5.866169691085815,1.4915337109565734,5.09763765335083,20000.0,0.0,64,0,1,3,1,1,0
60,dyson,2.826122760772705,0.6758536434173584,0.0108753233695545,246.19987726211548,104.55951833724976,1.5784161106745402,8.294447660446167,10000.0,0.0,1,0,2,2,1,150,0
61,dyson,6.412689208984375,0.6268114972114563,6.689985672230448e-05,15.99117136001587,7.04202127456665,1.7472258663177491,12.36821436882019,20000.0,0.0,64,0,2,3,1,1,0
62,dyson,3.9799375534057617,0.5101241397857667,6.041977468384517e-07,10.684721231460571,4.865994215011597,1.3931613659858704,2.67415452003479,20000.0,0.0,64,0,0,4,1,1,0
63,dyson,2.132070302963257,0.5228582747777303,0.0004948730331816433,189.83381605148315,80.49553894996643,1.2221847931543985,2.8128833770751953,10000.0,0.0,1,0,0,3,1,150,0
64,dyson,5.786081075668335,2.1174234986305236,0.0004938125464683243,455.93248677253723,217.58177661895752,4.4332683801651,28.02013897895813,10000.0,0.0,1,0,2,3,1,100,0
65,dyson,5.779093027114868,0.6198316860198975,2.1686880128149912e-07,15.42055869102478,6.682261228561401,1.7347945427894593,9.02802586555481,20000.0,0.0,64,0,1,4,1,1,0
66,dyson,7.89823317527771,2.5035945129394532,0.0004938125464683243,282.32258796691895,133.4159951210022,5.2680471730232235,38.24597096443176,10000.0,0.0,1,0,2,3,1,50,0
67,dyson,12.068549871444702,6.151216516494751,2.056217121226375e-06,30.2368745803833,13.596445322036743,12.145640490055085,98.88962817192078,10000.0,0.0,1,0,2,4,1,1,0
68,dyson,2.523752450942993,0.6612258267402649,3.5597047522301688e-06,158.5099859237671,68.73595929145813,1.5048524236679077,3.791433334350586,10000.0,0.0,1,0,0,4,1,100,0
69,dyson,7.92869758605957,0.9738172888755798,1.35592979644012e-07,25.111863374710083,9.232574224472046,2.6538180088996888,33.980473041534424,20000.0,0.0,64,0,2,4,1,1,0
70,dyson,3.4543991088867188,0.7666646456718444,3.5597047522301688e-06,100.19536399841309,42.4416184425354,1.7726008462905884,5.204611539840698,10000.0,0.0,1,0,0,4,1,50,0
71,dyson,3.267648220062256,0.7156143260002136,2.1859131538500233e-06,8.919151067733765,3.442006826400757,1.6329524540901184,4.259839296340942,10000.0,0.0,1,0,0,5,1,1,0
72,dyson,4.332404375076294,0.5240589785575867,5.412333170629191e-07,11.813594818115234,5.315460920333862,1.4346015977859496,3.107335329055786,20000.0,0.0,64,0,0,5,1,1,0
73,dyson,3.1999926567077637,0.8985934623082479,0.0004948442616835747,314.7785613536835,138.29082083702087,2.0375063943862917,7.707372426986694,10000.0,0.0,1,0,1,3,1,150,0
74,magnus,14.530874252319336,5.139053180217743,4.244616831694166e-05,47.219456911087036,14.336369752883911,18.989417841434477,4.936866521835327,10000.0,0.0,1,0,1,2,1,1,0
75,magnus,9.648083448410034,3.6268544220924377,4.2500533254650035e-05,27.00200605392456,9.498210668563843,13.31716986656189,3.8363051414489746,10000.0,0.0,64,0,0,2,1,1,0
76,dyson,7.376832008361816,0.7280287528038025,9.125559513960337e-08,21.3351309299469,8.144850254058838,2.129671776294708,18.050825834274292,20000.0,0.0,64,0,1,5,1,1,0
77,dyson,12.563201427459717,7.492444846630097,2.0562171210230576e-06,165.13711071014404,84.76912021636963,14.27883464574814,102.38019490242004,10000.0,0.0,1,0,2,4,1,10,0
78,magnus,14.429234743118286,5.863042008876801,4.2446168317042595e-05,238.01423573493958,70.97501492500305,19.54655227661133,4.868184328079224,10000.0,0.0,1,0,1,2,1,10,0
79,dyson,3.4560515880584717,0.7872234487533569,2.185913153822295e-06,26.916265964508057,10.975470066070557,1.753484001159668,4.603899002075195,10000.0,0.0,1,0,0,5,1,10,0
80,dyson,5.246947288513184,2.199800343513489,2.351274463844494e-06,463.5197103023529,225.2038848400116,4.502552111148834,19.715033054351807,10000.0,0.0,1,0,1,4,1,100,0
81,dyson,7.235849142074585,2.7678337335586547,2.351274463844494e-06,304.67811369895935,140.71493697166443,5.824534828662872,25.721401691436768,10000.0,0.0,1,0,1,4,1,50,0
82,dyson,8.894146919250488,4.294859721660614,3.752996642980154e-07,22.913469314575195,10.060519933700562,8.456247184276581,47.021005392074585,10000.0,0.0,1,0,1,5,1,1,0
83,dyson,11.454928398132324,2.1838435530662537,2.5156961818738936e-09,33.086899280548096,13.11200737953186,5.4637027883529665,122.62538957595825,20000.0,0.0,64,0,2,5,1,1,0
84,dyson,4.243000030517578,0.7676923561096192,0.0012564016548167315,10.5488862991333,4.827511787414551,2.067644417285919,3.24505352973938,30000.0,0.0,64,0,0,2,1,1,0
85,dyson,4.726916551589966,0.7431226658821106,0.00125641167628582,11.987525701522827,5.793782711029053,2.0341720843315123,3.957176685333252,30000.0,0.0,64,0,1,2,1,1,0
86,dyson,5.239278078079224,1.9685519806543985,0.0004948293745136488,640.1396839618683,299.97528648376465,4.184780195554097,26.435368537902832,10000.0,0.0,1,0,2,3,1,150,0
87,magnus,9.901143074035645,3.7020236325263975,4.244617160229443e-05,28.172795057296753,9.488120079040527,13.357987959384918,5.0926854610443115,10000.0,0.0,64,0,1,2,1,1,0
88,dyson,5.502782106399536,0.7746000504493713,0.0012564464115867912,13.828792095184326,6.259400367736816,2.2134050607681273,7.102914333343506,30000.0,0.0,64,0,2,2,1,1,0
89,dyson,4.122294664382935,0.7732880020141601,2.0127115844477493e-05,11.161332845687866,5.289730787277222,2.110429379940033,2.3928005695343018,30000.0,0.0,64,0,0,3,1,1,0
90,dyson,2.8686163425445557,0.6211225700378418,3.6512354853733164e-06,220.99674940109253,95.63400387763977,1.4204494984944662,3.4622795581817627,10000.0,0.0,1,0,0,4,1,150,0
91,dyson,9.319923877716064,4.843993890285492,3.752996640228492e-07,112.19006443023682,55.72081708908081,9.285938172340392,49.13900136947632,10000.0,0.0,1,0,1,5,1,10,0
92,magnus,15.113450527191162,5.261539525985718,4.252053179084283e-05,49.69240641593933,15.057501792907715,19.177272970676423,9.296437501907349,10000.0,0.0,1,0,2,2,1,1,0
93,dyson,5.649015426635742,0.8337168002128601,2.0122504687803906e-05,15.835680961608887,6.1996543407440186,2.3187785053253176,5.894181966781616,30000.0,0.0,64,0,1,3,1,1,0
94,dyson,6.767970561981201,0.9457570791244507,2.012187170104211e-05,21.681299686431885,7.8345420360565186,2.6539718675613404,12.065345048904419,30000.0,0.0,64,0,2,3,1,1,0
95,dyson,4.816752910614014,0.7847507882118225,2.5022920572551994e-07,12.390977382659912,5.499690532684326,2.138968434333801,2.667904853820801,30000.0,0.0,64,0,0,4,1,1,0
96,magnus,9.769797325134277,3.59852073431015,4.252053482489755e-05,28.781328678131104,9.567623853683472,13.454971315860748,8.543660163879395,10000.0,0.0,64,0,2,2,1,1,0
97,magnus,14.972420930862427,5.955607640743255,4.252053179088257e-05,245.2800133228302,72.55256509780884,19.935616121292114,9.118866205215454,10000.0,0.0,1,0,2,2,1,10,0
98,dyson,6.345543146133423,0.9468799877166748,6.468069710520351e-08,19.14620018005371,7.533857583999634,2.5553622531890867,7.662482023239136,30000.0,0.0,64,0,1,4,1,1,0
99,dyson,33.09813189506531,22.952540585994722,7.126540632345547e-08,76.73232245445251,38.09130907058716,43.72723417043686,393.49075198173523,10000.0,0.0,1,0,2,5,1,1,0
100,dyson,2.8836867809295654,1.0460311245918275,0.002809944157641297,8.498950004577637,3.3529679775238037,2.4360934281349182,2.6010398864746094,20000.0,0.0,1,0,0,2,1,1,0
101,dyson,5.283985376358032,2.0999637540181477,2.3892881069332393e-06,635.7895419597626,319.0822546482086,4.208848009109497,19.205366611480713,10000.0,0.0,1,0,1,4,1,150,0
102,dyson,9.090938806533813,1.411379063129425,2.703204880758747e-08,26.93540930747986,10.037030935287476,3.8444132208824158,31.30033564567566,30000.0,0.0,64,0,2,4,1,1,0
103,dyson,3.53997540473938,1.2130456686019897,0.0028099665054983156,10.077191829681396,4.033247232437134,2.790934739112854,4.351386070251465,20000.0,0.0,1,0,1,2,1,1,0
104,dyson,4.941266298294067,0.7626729822158813,2.4017273147151234e-07,13.789151430130005,5.8806164264678955,2.1233772015571595,2.9577629566192627,30000.0,0.0,64,0,0,5,1,1,0
105,magnus,14.085267782211304,5.104669904708862,6.891657083964715e-06,45.99967074394226,14.006534814834595,18.955427491664885,3.444136142730713,10000.0,0.0,1,0,0,3,1,1,0
106,dyson,4.279946327209473,1.4434154748916626,0.0028100444113636405,12.5265212059021,4.873287200927734,3.4236873626708983,8.161188125610352,20000.0,0.0,1,0,2,2,1,1,0
107,dyson,7.940784215927124,1.0601100492477418,4.054509314552964e-08,22.96005415916443,8.674931287765503,3.1469809794425965,16.161557912826538,30000.0,0.0,64,0,1,5,1,1,0
108,magnus,9.533818244934082,3.7149842238426207,6.8916596868684494e-06,27.841010570526123,9.153995752334595,13.640683135986329,3.3992724418640137,10000.0,0.0,64,0,0,3,1,1,0
109,dyson,3.103621244430542,1.1369802689552306,6.69100146897957e-05,9.38271427154541,4.356647253036499,2.68267231464386,2.1659493446350098,20000.0,0.0,1,0,0,3,1,1,0
110,dyson,16.581690073013306,9.775682649612428,2.0562171210230576e-06,1018.6427643299103,494.78456926345825,21.37047473907471,140.15242624282837,10000.0,0.0,1,0,2,4,1,50,0
111,dyson,4.786686182022095,1.8386545634269715,6.690183700152022e-05,14.03412389755249,5.426149845123291,4.218432817459107,5.961326837539673,20000.0,0.0,1,0,1,3,1,1,0
112,dyson,5.840986251831055,1.0797239470481872,2.185913153822295e-06,124.21531581878662,62.87712049484253,2.2072607040405274,8.658422946929932,10000.0,0.0,1,0,0,5,1,50,0
113,dyson,12.728023290634155,3.0293164801597596,3.881613093077131e-10,37.10078239440918,15.514355897903442,8.155256700515746,111.40740394592285,30000.0,0.0,64,0,2,5,1,1,0
114,magnus,13.973258256912231,5.804859704971314,6.891657084040606e-06,239.17418026924133,69.49594140052795,21.09067894697189,3.3618667125701904,10000.0,0.0,1,0,0,3,1,10,0
126,dyson,4.438732147216797,0.9520531058311462,0.0007082107907003691,12.825708150863647,5.1806721687316895,2.566465132236481,2.3344645500183105,40000.0,0.0,64,0,0,2,1,1,0
127,magnus,10.053545713424683,3.606577441692352,6.395685463042883e-06,29.509516716003418,9.672944784164429,13.496406774520874,10.720887422561646,10000.0,0.0,64,0,1,3,1,1,0
128,dyson,5.404865026473999,0.9542274904251099,0.0007082164254762982,15.255468368530273,6.135529041290283,2.6687497162818907,3.691356658935547,40000.0,0.0,64,0,1,2,1,1,0
129,dyson,9.099685907363892,3.7939437794685364,6.689985693956893e-05,21.070239305496216,9.30948543548584,8.149321084022523,21.220090627670288,20000.0,0.0,1,0,2,3,1,1,0
130,magnus,15.965898275375366,5.480516095161438,6.395681291045513e-06,52.075255155563354,16.081613302230835,19.589866189956666,9.493321657180786,10000.0,0.0,1,0,1,3,1,1,0
131,dyson,30.199296712875366,21.013915705680848,7.126540632345547e-08,71.05680871009827,34.240461111068726,40.0442035484314,363.7608997821808,10000.0,0.0,1,0,2,5,1,1,0
132,dyson,6.032357215881348,0.9795008063316345,0.0007082359854533969,16.991867303848267,7.095893144607544,2.720443868637085,7.7324113845825195,40000.0,0.0,64,0,2,2,1,1,0
133,dyson,3.2958436012268066,1.277633285522461,6.042127795021674e-07,10.75762939453125,3.876906394958496,2.9020631599426268,2.3469347953796387,20000.0,0.0,1,0,0,4,1,1,0
134,dyson,2.708240270614624,0.9605221605300903,0.002809944157641297,7.789459466934204,3.147731065750122,2.2836357069015505,2.432797431945801,20000.0,0.0,1,0,0,2,1,1,0
135,dyson,4.681721210479736,0.9575911211967468,8.537147924593149e-06,14.274602174758911,5.5692033767700195,2.6382750844955445,2.260507822036743,40000.0,0.0,64,0,0,3,1,1,0
136,dyson,3.235266923904419,1.0809415006637573,0.0028099665054983156,9.311194896697998,3.72575306892395,2.482922992706299,3.9615724086761475,20000.0,0.0,1,0,1,2,1,1,0
137,dyson,6.426769018173218,1.0087089800834657,8.533946437569447e-06,18.01374316215515,7.220491647720337,2.857745032310486,4.5732409954071045,40000.0,0.0,64,0,1,3,1,1,0
138,dyson,3.916210651397705,1.2824969935417174,0.0028100444113636405,11.272704839706421,4.436633348464966,3.0353953313827513,7.322130918502808,20000.0,0.0,1,0,2,2,1,1,0
139,magnus,11.087767362594604,3.7881027936935423,6.456589077505041e-06,32.19161510467529,10.691298723220825,13.46929788351059,42.029000759124756,10000.0,0.0,64,0,2,3,1,1,0
140,dyson,7.5237226486206055,1.1571914887428283,8.533652445895797e-06,22.190006732940674,8.298430681228638,3.325351285934448,12.152247667312622,40000.0,0.0,64,0,2,3,1,1,0
141,dyson,12.291215419769287,6.143677718639374,3.752996640228492e-07,607.3198897838593,372.549444437027,11.694824986457824,63.72080707550049,10000.0,0.0,1,0,1,5,1,50,0
142,dyson,2.8684606552124023,1.0018228673934937,6.69100146897957e-05,8.505139589309692,4.002879858016968,2.372418065071106,1.9858133792877197,20000.0,0.0,1,0,0,3,1,1,0
143,dyson,7.768045425415039,3.8786599969863893,2.1687515623542058e-07,22.114790678024292,8.935550212860107,8.218424293994904,13.808554649353027,20000.0,0.0,1,0,1,4,1,1,0
144,dyson,4.839930534362793,0.9583721899986267,1.37847897345184e-07,15.528322458267212,5.928880453109741,2.657490975856781,2.5587918758392334,40000.0,0.0,64,0,0,4,1,1,0
145,dyson,4.366612434387207,1.6651418781280518,6.690183700152022e-05,13.362131118774414,5.035325765609741,3.8215417742729185,5.3289406299591064,20000.0,0.0,1,0,1,3,1,1,0
146,magnus,17.778066873550415,6.833949537277221,6.39568129115155e-06,273.9016082286835,84.42986845970154,21.968584375381468,10.303509712219238,10000.0,0.0,1,0,1,3,1,10,0
147,dyson,6.986813068389893,1.1234727263450623,3.0244287876594144e-08,22.995883464813232,8.354075193405151,3.297790789604187,7.130129814147949,40000.0,0.0,64,0,1,4,1,1,0
148,magnus,17.694239377975464,6.3325091028213505,6.456585888283577e-06,57.33643651008606,17.794609308242798,21.24266196012497,32.110203981399536,10000.0,0.0,1,0,2,3,1,1,0
149,magnus,9.67821717262268,3.6304162621498106,2.1837244342262385e-06,28.224050760269165,9.343148946762085,13.359590997695923,4.355365991592407,10000.0,0.0,64,0,0,4,1,1,0
150,dyson,9.921808004379272,1.8886054825782777,8.576492682494397e-09,29.455498695373535,11.220102787017822,5.124529535770416,29.535438299179077,40000.0,0.0,64,0,2,4,1,1,0
151,dyson,8.172559976577759,3.5227231669425962,6.689985693956893e-05,20.266502380371094,8.357237100601196,7.658669741153717,19.061230421066284,20000.0,0.0,1,0,2,3,1,1,0
152,dyson,5.381392478942871,1.0553339195251465,1.3502303534555447e-07,16.112741708755493,6.380446195602417,2.934804906845093,2.7129552364349365,40000.0,0.0,64,0,0,5,1,1,0
153,dyson,31.216387033462524,27.667755525112153,7.126540628476166e-08,538.5096926689148,283.3841323852539,47.66971755981445,378.4486219882965,10000.0,0.0,1,0,2,5,1,10,0
154,dyson,3.254671096801758,1.1746945834159852,6.042127795021674e-07,9.643160820007324,3.8081862926483154,2.7275188755989075,2.3294947147369385,20000.0,0.0,1,0,0,4,1,1,0
155,dyson,2.8549680709838867,1.047435986995697,0.0028099441576417577,31.36719846725464,12.961555242538452,2.4284549021720885,2.662100315093994,20000.0,0.0,1,0,0,2,1,10,0
156,dyson,8.982592105865479,1.5321496534347534,2.2801626076319562e-08,25.03451132774353,9.737539291381836,4.1708896708488465,14.46585488319397,40000.0,0.0,64,0,1,5,1,1,0
157,dyson,3.3977901935577393,1.1885593819618225,0.002809966505498604,35.5245566368103,14.927725791931152,2.6874513483047484,4.199469566345215,20000.0,0.0,1,0,1,2,1,10,0
158,magnus,10.896231174468994,3.8414579105377196,3.638354524502324e-07,31.991024494171143,10.954743385314941,13.84414532661438,45.367027759552,10000.0,0.0,64,0,1,4,1,1,0
159,dyson,7.190928936004639,3.634020810127258,2.1687515623542058e-07,19.745187282562256,8.104180097579956,7.76476580619812,12.634532690048218,20000.0,0.0,1,0,1,4,1,1,0
160,dyson,4.161060333251953,1.423428509235382,0.002810044411363863,43.30784583091736,17.963300466537476,3.280396327972412,7.873366117477417,20000.0,0.0,1,0,2,2,1,10,0
161,magnus,14.199811220169067,5.13563937664032,2.1837320847050883e-06,45.495911598205566,14.150047779083252,18.891881754398344,3.871901512145996,10000.0,0.0,1,0,0,4,1,1,0
162,dyson,2.9987869262695312,1.0962476205825806,6.691001468979516e-05,34.043442487716675,13.632129669189453,2.561835823059082,2.0710608959198,20000.0,0.0,1,0,0,3,1,10,0
163,dyson,19.557571411132812,13.314363439083099,1.3559897547829193e-07,48.99263620376587,22.33675789833069,26.30590042591095,76.74644184112549,20000.0,0.0,1,0,2,4,1,1,0
164,dyson,14.07901120185852,4.038645534515381,1.6653761984185126e-10,39.93869495391846,15.665717840194702,10.805083067417145,106.65518069267273,40000.0,0.0,64,0,2,5,1,1,0
165,magnus,20.48814368247986,7.77825049161911,6.456585888338533e-06,311.48092794418335,95.22206163406372,24.171809329986573,37.356058835983276,10000.0,0.0,1,0,2,3,1,10,0
166,dyson,4.605556011199951,1.8669629740715026,6.690183700155337e-05,53.01071119308472,22.73654270172119,4.133858618736267,5.930236339569092,20000.0,0.0,1,0,1,3,1,10,0
167,dyson,4.669594764709473,1.1394544959068298,0.0004536949320761033,14.568939208984375,5.871499300003052,3.258542890548706,2.297515630722046,50000.0,0.0,64,0,0,2,1,1,0
168,dyson,4.089126110076904,1.5705809593200684,5.41241000812895e-07,12.603429317474365,4.739332437515259,3.5260266971588137,3.1879384517669678,20000.0,0.0,1,0,0,5,1,1,0
169,dyson,6.495731353759766,1.1651434731483459,0.0004536985757848297,17.734918355941772,6.933313369750977,3.27647296667099,5.666832447052002,50000.0,0.0,64,0,1,2,1,1,0
170,magnus,12.797129154205322,4.061543929576874,6.4222465268232475e-09,36.02819848060608,13.019870519638062,13.925733256340028,419.66397881507874,10000.0,0.0,64,0,2,4,1,1,0
171,dyson,6.901645660400391,1.2123786401748657,0.00045371110064061567,19.35986614227295,8.120751142501831,3.3805978870391846,6.041348457336426,50000.0,0.0,64,0,2,2,1,1,0
172,dyson,7.869070291519165,3.9650127410888674,6.68998569395487e-05,100.3633394241333,46.515788316726685,8.435549719333649,21.38023018836975,20000.0,0.0,1,0,2,3,1,10,0
173,dyson,5.180979251861572,1.164443280696869,4.382494054715296e-06,16.234233856201172,6.005037546157837,3.2230254364013673,2.2191975116729736,50000.0,0.0,64,0,0,3,1,1,0
174,dyson,3.37092924118042,1.3015401530265809,6.042127794044009e-07,38.1463828086853,16.05883479118347,2.9302905011177063,2.3952090740203857,20000.0,0.0,1,0,0,4,1,10,0
175,dyson,7.089974403381348,1.1841844940185546,4.3800420624719675e-06,21.31570529937744,8.14714002609253,3.4618613386154173,6.35143256187439,50000.0,0.0,64,0,1,3,1,1,0
176,magnus,17.279080629348755,6.350290882587433,3.6384316038792397e-07,56.413172245025635,17.32523512840271,21.806186411380768,31.941235303878784,10000.0,0.0,1,0,1,4,1,1,0
177,dyson,18.35271906852722,12.403228666782379,1.3559897547829193e-07,43.34649205207825,20.532150268554688,24.663362488746642,71.93781900405884,20000.0,0.0,1,0,2,4,1,1,0
178,dyson,9.000371217727661,1.3658961534500123,4.379873883810741e-06,25.17201590538025,10.051529169082642,3.8923854875564574,9.351022005081177,50000.0,0.0,64,0,2,3,1,1,0
179,magnus,9.725635051727295,3.6453672003746034,2.1841492142652314e-06,28.643182516098022,9.44850492477417,13.357018187046052,7.702065944671631,10000.0,0.0,64,0,0,5,1,1,0
180,magnus,16.88105344772339,6.446026775836945,2.1837320846700622e-06,259.7053141593933,79.48820400238037,21.53961040735245,4.702330589294434,10000.0,0.0,1,0,0,4,1,10,0
181,dyson,14.22046971321106,9.22764981508255,9.126317922251172e-08,35.449256896972656,16.468300580978394,18.333169555664064,31.48311495780945,20000.0,0.0,1,0,1,5,1,1,0
182,dyson,5.584675073623657,1.129243175983429,8.746691064423177e-08,17.04146146774292,6.673269748687744,3.286493299007416,2.499884605407715,50000.0,0.0,64,0,0,4,1,1,0
183,dyson,3.7678911685943604,1.4595366263389586,5.41241000812895e-07,11.015377044677734,4.409679412841797,3.299568467140198,2.782376289367676,20000.0,0.0,1,0,0,5,1,1,0
184,dyson,7.478988409042358,4.064215242862701,2.168751559111686e-07,99.05185651779175,46.2207088470459,8.444674787521363,13.47967267036438,20000.0,0.0,1,0,1,4,1,10,0
185,dyson,8.196975946426392,1.393303587436676,1.757795046732614e-08,25.84657621383667,9.381311416625977,4.065391192436218,6.304989576339722,50000.0,0.0,64,0,1,4,1,1,0
186,dyson,11.409570455551147,2.3488306522369387,3.517652321375072e-09,32.32663536071777,12.700133323669434,6.451308343410492,24.847811937332153,50000.0,0.0,64,0,2,4,1,1,0
187,magnus,11.792840003967285,3.924206943511963,3.6480264910167583e-07,34.004960775375366,11.868929624557495,14.215879294872284,309.0112268924713,10000.0,0.0,64,0,1,5,1,1,0
188,dyson,5.867032766342163,1.284388244152069,8.638441435542643e-08,17.31195831298828,6.8717262744903564,3.6011257147789,2.773252248764038,50000.0,0.0,64,0,0,5,1,1,0
189,dyson,13.246883869171143,8.700690476894378,9.126317922251172e-08,32.48686408996582,14.875477313995361,17.194498999118807,29.071109533309937,20000.0,0.0,1,0,1,5,1,1,0
190,dyson,9.80931544303894,1.9021439695358275,1.4589966525304374e-08,28.579095125198364,10.951174020767212,5.1597828197479245,13.131681203842163,50000.0,0.0,64,0,1,5,1,1,0
191,magnus,19.800724267959595,7.687438473701477,3.638431600681471e-07,303.26259303092957,93.61372423171997,23.980771315097808,36.39180374145508,10000.0,0.0,1,0,1,4,1,10,0
192,magnus,25.842937231063843,10.971363341808319,6.420323619686157e-09,77.32525873184204,26.74825620651245,30.41548239469528,390.6653735637665,10000.0,0.0,1,0,2,4,1,1,0
193,dyson,15.600360631942749,5.104815654754638,1.3268611025028254e-10,46.260369062423706,17.44234871864319,13.802533690929414,98.1736707687378,50000.0,0.0,64,0,2,5,1,1,0
194,dyson,19.220096111297607,16.738253729343413,1.3559897528639527e-07,321.99788880348206,178.29516410827637,29.586993012428284,75.7369909286499,20000.0,0.0,1,0,2,4,1,10,0
195,dyson,4.005478858947754,1.645882751941681,5.412410007778485e-07,48.744821310043335,19.79353904724121,3.683672134876251,3.1014206409454346,20000.0,0.0,1,0,0,5,1,10,0
196,magnus,14.962645292282104,5.3922273993492125,2.1841568889215702e-06,48.25182890892029,14.824211359024048,19.530129861831664,6.441516876220703,10000.0,0.0,1,0,0,5,1,1,0
197,dyson,1.740039348602295,0.2602335214614868,0.010874247728263698,12.40760588645935,4.70211935043335,0.7632294726371766,3.4755234718322754,10000.0,0.0,64,0,0,2,1,10,0
198,dyson,2.020437717437744,0.2671661925315857,0.010874332546942646,13.5602445602417,4.994393825531006,0.771010410785675,4.74981689453125,10000.0,0.0,64,0,1,2,1,10,0
199,dyson,2.358485698699951,0.2677262139320373,0.01087463919219259,14.182932615280151,5.243334054946899,0.7830542826652527,7.997186899185181,10000.0,0.0,64,0,2,2,1,10,0
200,dyson,1.8594834804534912,0.26409260749816893,0.000493856401439029,12.934290885925293,4.8090996742248535,0.7557194471359253,3.006516933441162,10000.0,0.0,64,0,0,3,1,10,0
201,dyson,2.434091329574585,0.2700132608413696,0.000493827522654647,15.127272129058838,5.70466160774231,0.8479751253128052,6.756141662597656,10000.0,0.0,64,0,1,3,1,10,0
202,dyson,3.688236713409424,0.35733617067337037,0.0004938125461717485,19.57051992416382,7.230646133422852,1.0266055965423584,17.81873393058777,10000.0,0.0,64,0,2,3,1,10,0
203,dyson,2.0787339210510254,0.2745273280143738,3.5596882183482036e-06,13.821101188659668,5.1131751537323,0.7979166984558106,3.904829263687134,10000.0,0.0,64,0,0,4,1,10,0
204,dyson,3.2962872982025146,0.35673912048339845,2.3512695181065385e-06,19.49400520324707,7.452336072921753,1.0425628113746643,11.424298286437988,10000.0,0.0,64,0,1,4,1,10,0
205,magnus,28.841344594955444,13.173644778728486,6.420323658281294e-09,445.8416635990143,155.35815930366516,33.95054187059402,405.65035486221313,10000.0,0.0,1,0,2,4,1,10,0
206,dyson,13.977821350097656,10.538112111091614,9.126317889510539e-08,217.2092206478119,118.33516192436218,19.472268505096437,31.041107177734375,20000.0,0.0,1,0,1,5,1,10,0
207,dyson,5.394529819488525,0.9803595495223999,2.0562113930729677e-06,34.60165286064148,16.224350690841675,2.0626458597183226,44.18988490104675,10000.0,0.0,64,0,2,4,1,10,0
208,dyson,2.6890227794647217,0.27188400983810423,2.1859056395248465e-06,14.341608047485352,5.15982723236084,0.7911367893218995,3.9500153064727783,10000.0,0.0,64,0,0,5,1,10,0
209,dyson,4.262990713119507,0.593162522315979,3.752940719895967e-07,25.24237322807312,10.632309675216675,1.4108344864845277,22.308403730392456,10000.0,0.0,64,0,1,5,1,10,0
210,magnus,21.955780267715454,9.010752148628235,3.6481036023476834e-07,68.14683842658997,22.446414470672607,26.790368838310243,261.78429079055786,10000.0,0.0,1,0,1,5,1,1,0
211,magnus,16.337741136550903,4.652121014595032,1.3094054825884163e-09,44.002116203308105,16.538461208343506,15.901708443164825,6624.585240364075,10000.0,0.0,64,0,2,5,1,1,0
212,dyson,8.616199254989624,3.079433159828186,7.126529068224286e-08,76.12010908126831,39.124059200286865,5.825994489192962,155.364741563797,10000.0,0.0,64,0,2,5,1,10,0
213,dyson,2.2073261737823486,0.5127364826202393,0.0028099441634878175,20.076181650161743,7.16358208656311,1.4922760105133057,2.3688035011291504,20000.0,0.0,64,0,0,2,1,10,0
214,dyson,2.5699267387390137,0.5363466906547546,0.0028099665113630245,21.31664776802063,7.9919469356536865,1.5603418612480164,3.8841545581817627,20000.0,0.0,64,0,1,2,1,10,0
215,dyson,3.186896562576294,0.5646464014053345,0.0028100444171712375,24.42302441596985,8.82939863204956,1.6730691933631896,7.3768510818481445,20000.0,0.0,64,0,2,2,1,10,0
216,dyson,2.3814871311187744,0.5341219401359558,6.691001440743469e-05,22.452834606170654,7.788235902786255,1.5976250958442688,2.150766134262085,20000.0,0.0,64,0,0,3,1,10,0
217,dyson,3.1474785804748535,0.588451201915741,6.69018368603972e-05,24.75094246864319,9.017820835113525,1.7340797424316405,5.106079339981079,20000.0,0.0,64,0,1,3,1,10,0
218,magnus,17.08301615715027,6.469081563949585,2.184156888897142e-06,268.44780921936035,79.06307053565979,22.116304614543914,6.6656482219696045,10000.0,0.0,1,0,0,5,1,10,0
219,dyson,4.2183873653411865,0.7143837118148804,6.689985672228205e-05,31.00068497657776,12.306457757949829,2.131298904418945,13.458839893341064,20000.0,0.0,64,0,2,3,1,10,0
220,dyson,2.568119525909424,0.5612024688720703,6.041977467328166e-07,22.28928542137146,8.493408679962158,1.6124501156806945,2.3895392417907715,20000.0,0.0,64,0,0,4,1,10,0
221,dyson,3.7761571407318115,0.689669349193573,2.1686880096176033e-07,28.891781091690063,11.338737487792969,1.8863227105140685,9.162359714508057,20000.0,0.0,64,0,1,4,1,10,0
222,dyson,50.78392815589905,46.380152971744536,2.517721076220357e-09,126.04306387901306,60.84442329406738,86.93831734657287,288.99061489105225,20000.0,0.0,1,0,2,5,1,1,0
223,dyson,5.991693735122681,2.110127112865448,1.3559297942786495e-07,57.49366283416748,27.604610443115234,4.468651623725891,33.481024742126465,20000.0,0.0,64,0,2,4,1,10,0
224,magnus,13.492641687393188,7.373420712947845,2.829281222531414e-06,39.96467733383179,13.268971681594849,26.426950752735138,2.0862796306610107,20000.0,0.0,64,0,0,2,1,1,0
225,dyson,2.8197743892669678,0.5929878258705139,5.412333170151272e-07,24.251970052719116,9.20375394821167,1.7354717111587525,2.67246675491333,20000.0,0.0,64,0,0,5,1,10,0
226,dyson,3.6436400413513184,1.6353517699241638,0.0012564016492631238,10.506829261779785,4.254777431488037,3.778440976142883,3.224576711654663,30000.0,0.0,1,0,0,2,1,1,0
227,dyson,5.131084203720093,1.5174516558647155,9.125559482461466e-08,43.66024041175842,20.48818302154541,3.1623034501075744,18.447922706604004,20000.0,0.0,64,0,1,5,1,10,0
228,dyson,4.432156085968018,1.846142270565033,0.0012564116707277457,13.01774787902832,5.022542238235474,4.147309024333953,3.6456873416900635,30000.0,0.0,1,0,1,2,1,1,0
229,dyson,48.63141870498657,42.18638560533523,2.517721076220357e-09,110.7973084449768,55.738895893096924,80.89358841896058,272.2007791996002,20000.0,0.0,1,0,2,5,1,1,0
230,dyson,5.4496636390686035,2.1593142986297607,0.0012564464060529712,14.864019870758057,6.16798734664917,4.968158509731293,8.587292194366455,30000.0,0.0,1,0,2,2,1,1,0
231,dyson,3.321258544921875,1.4805951309204102,0.0012564016492631238,9.367546558380127,3.8427748680114746,3.461995258331299,2.8016881942749023,30000.0,0.0,1,0,0,2,1,1,0
232,dyson,3.8715474605560303,1.7200523447990417,2.0127115712762006e-05,11.179377794265747,4.529900074005127,3.9278109860420227,2.144806385040283,30000.0,0.0,1,0,0,3,1,1,0
233,dyson,4.026625871658325,1.666197338104248,0.0012564116707277457,11.014340162277222,4.597397804260254,3.7845415592193605,3.2078769207000732,30000.0,0.0,1,0,1,2,1,1,0
234,dyson,5.811478137969971,2.7605293083190916,2.0122504369663373e-05,17.563971996307373,6.723783254623413,6.239389116764069,6.583307266235352,30000.0,0.0,1,0,1,3,1,1,0
235,dyson,4.89478874206543,1.980311839580536,0.0012564464060529712,13.48474383354187,5.493297338485718,4.6444786620140075,7.200027942657471,30000.0,0.0,1,0,2,2,1,1,0
236,magnus,25.608489990234375,11.033647649288177,3.6481035993698777e-07,376.29435539245605,129.6179895401001,30.52799659013748,283.7030575275421,10000.0,0.0,1,0,1,5,1,10,0
237,magnus,13.672217845916748,7.297828133106232,2.7529564392732086e-06,42.046520948410034,13.022676229476929,26.580691907405853,3.784930467605591,20000.0,0.0,64,0,1,2,1,1,0
238,dyson,3.479750394821167,1.5402354741096496,2.0127115712762006e-05,10.087158441543579,4.035335302352905,3.600376682281494,1.8537142276763916,30000.0,0.0,1,0,0,3,1,1,0
239,dyson,5.41071081161499,2.547129416465759,2.0122504369663373e-05,15.425318479537964,6.191533803939819,5.783461983203888,5.790753602981567,30000.0,0.0,1,0,1,3,1,1,0
240,dyson,10.058850049972534,5.795572364330292,2.0121871495306248e-05,30.028964519500732,11.468900203704834,12.345486679077148,18.35027527809143,30000.0,0.0,1,0,2,3,1,1,0
241,dyson,4.344446182250977,1.9499470329284667,2.502413679155845e-07,12.686073064804077,5.113891839981079,4.432737960815429,2.466287851333618,30000.0,0.0,1,0,0,4,1,1,0
242,dyson,9.47194218635559,5.341195931434632,2.0121871495306248e-05,26.333106756210327,10.604717254638672,11.516507613658906,16.92927885055542,30000.0,0.0,1,0,2,3,1,1,0
243,magnus,14.1326584815979,7.331076397895813,2.769570923854371e-06,42.07362985610962,13.503679752349854,26.719112720489502,7.721648931503296,20000.0,0.0,64,0,2,2,1,1,0
244,dyson,3.9977614879608154,1.782572991847992,2.502413679155845e-07,11.686091423034668,4.639933347702026,4.130398156642914,2.1743457317352295,30000.0,0.0,1,0,0,4,1,1,0
245,dyson,10.075298070907593,6.01622123003006,6.468781451645009e-08,27.22580575942993,11.747125148773193,12.541312980651856,10.687960863113403,30000.0,0.0,1,0,1,4,1,1,0
246,dyson,9.219631433486938,5.505465936660767,6.468781451645009e-08,24.645168781280518,10.338989734649658,11.68743968963623,10.193204641342163,30000.0,0.0,1,0,1,4,1,1,0
247,magnus,13.301098346710205,7.230402452945709,7.20683681146036e-07,40.86668920516968,13.009406805038452,26.33874008178711,2.366417646408081,20000.0,0.0,64,0,0,3,1,1,0
248,magnus,9.306328296661377,4.11083961725235,4.250053325475448e-05,155.0973265171051,47.02023100852966,14.508856270313263,3.8788554668426514,10000.0,0.0,64,0,0,2,1,10,0
249,magnus,45.397064208984375,25.708142540454865,1.3070563397030941e-09,119.66813397407532,48.91763091087341,58.29936975717545,5677.8985550403595,10000.0,0.0,1,0,2,5,1,1,0
250,magnus,10.203689575195312,4.191663756370544,4.244617160238221e-05,161.39079809188843,52.38548421859741,14.617904179096222,5.811489820480347,10000.0,0.0,64,0,1,2,1,10,0
251,dyson,25.76541256904602,20.45971735715866,2.7038376597790397e-08,60.84991979598999,29.94306254386902,40.267574696540834,66.78971695899963,30000.0,0.0,1,0,2,4,1,1,0
252,magnus,13.751898288726807,7.178008573055267,4.4693382064369393e-07,43.48111009597778,13.32005786895752,26.864992215633393,7.322657346725464,20000.0,0.0,64,0,1,3,1,1,0
253,dyson,24.264623403549194,18.660853991508485,2.7038376597790397e-08,57.688202142715454,27.22749400138855,37.154242734909054,62.55274510383606,30000.0,0.0,1,0,2,4,1,1,0
254,magnus,10.732192277908325,4.300553119182586,4.252053482495228e-05,158.59061193466187,50.8049681186676,14.319229884147644,9.877408981323242,10000.0,0.0,64,0,2,2,1,10,0
255,dyson,4.950751304626465,2.4510312271118164,2.4018032288746795e-07,14.646371603012085,5.85038161277771,5.386474347114563,2.729188919067383,30000.0,0.0,1,0,0,5,1,1,0
256,dyson,4.7157511711120605,2.2339634847640992,2.4018032288746795e-07,13.65052342414856,5.386789560317993,5.009095106124878,2.597715139389038,30000.0,0.0,1,0,0,5,1,1,0
257,magnus,19.780903577804565,10.392093317508698,2.8292784845172814e-06,63.99109935760498,19.994220733642578,38.54074905872345,2.049630641937256,20000.0,0.0,1,0,0,2,1,1,0
258,magnus,9.746543884277344,3.989482080936432,6.891659686962011e-06,163.28234887123108,47.257312059402466,13.967364373207092,3.7287230491638184,10000.0,0.0,64,0,0,3,1,10,0
259,magnus,14.960169076919556,7.522259805202484,4.524016452814532e-07,45.019057512283325,15.081224918365479,26.406841111183166,37.66498851776123,20000.0,0.0,64,0,2,3,1,1,0
260,magnus,10.486445188522339,4.089632470607757,6.395685463070892e-06,157.13805651664734,49.34942817687988,14.33542542219162,10.270158052444458,10000.0,0.0,64,0,1,3,1,10,0
261,dyson,18.427515506744385,14.272861139774323,4.055247124105716e-08,47.183316469192505,21.16201901435852,28.20453451395035,25.94348454475403,30000.0,0.0,1,0,1,5,1,1,0
262,dyson,17.576514959335327,13.081841187477112,4.055247124105716e-08,42.08528280258179,19.85093927383423,26.3840052986145,24.578608751296997,30000.0,0.0,1,0,1,5,1,1,0
263,magnus,45.91668939590454,28.962674646377565,1.3070563000253714e-09,713.4379589557648,319.0715055465698,62.688363292217254,5873.962415933609,10000.0,0.0,1,0,2,5,1,10,0
264,magnus,20.705816507339478,10.69044240951538,2.7529527448193213e-06,67.24460625648499,20.20601177215576,38.230065846443175,3.655580520629883,20000.0,0.0,1,0,1,2,1,1,0
265,magnus,13.281164407730103,7.112069780826569,5.412334871110735e-07,41.59478807449341,12.807072162628174,26.263721961975097,3.2095022201538086,20000.0,0.0,64,0,0,4,1,1,0
266,magnus,11.236150741577148,4.522403693199157,6.4565890776142745e-06,166.30088138580322,52.50113391876221,14.652742562294007,41.29878807067871,10000.0,0.0,64,0,2,3,1,10,0
267,magnus,10.012457132339478,4.254219899177551,2.1837244342034144e-06,161.62418746948242,48.32060480117798,14.456929860115052,5.092212915420532,10000.0,0.0,64,0,0,4,1,10,0
268,magnus,14.65407109260559,7.428624706268311,9.122495593484342e-08,44.85693430900574,14.501515865325928,27.009100432395936,31.109209537506104,20000.0,0.0,64,0,1,4,1,1,0
269,magnus,20.644524574279785,12.02102575302124,2.829278484651626e-06,436.01410961151123,132.26949524879456,39.48768640756607,2.1541576385498047,20000.0,0.0,1,0,0,2,1,10,0
270,magnus,11.038840055465698,4.492930109500885,3.6383545217612946e-07,171.8742413520813,52.84043025970459,14.922746903896332,47.097628355026245,10000.0,0.0,64,0,1,4,1,10,0
271,magnus,21.274598836898804,10.852920858860015,2.76956798944464e-06,69.40950584411621,20.682175636291504,40.09754556179047,7.8014960289001465,20000.0,0.0,1,0,2,2,1,1,0
272,magnus,13.167850255966187,4.829066135883331,6.422246610659235e-09,177.20871472358704,64.6620683670044,15.143250856399536,306.0148935317993,10000.0,0.0,64,0,2,4,1,10,0
273,magnus,17.23545217514038,7.946331558227539,1.9249411963167873e-10,50.32617115974426,16.966697216033936,28.15324370622635,269.6344561576843,20000.0,0.0,64,0,2,4,1,1,0
274,magnus,10.19612431526184,4.004967193603516,2.184149214248172e-06,153.76465153694153,47.26773476600647,14.225956966876984,9.29404902458191,10000.0,0.0,64,0,0,5,1,10,0
275,magnus,20.58723545074463,10.818034574985504,7.206840564883242e-07,67.36387944221497,19.991933584213257,38.53876616954803,2.2489843368530273,20000.0,0.0,1,0,0,3,1,1,0
276,magnus,21.519907236099243,11.77542515039444,2.752952744881876e-06,438.0710062980652,131.7082781791687,39.62230476379395,4.693444490432739,20000.0,0.0,1,0,1,2,1,10,0
277,magnus,13.566738367080688,7.151707677841187,5.412421426581033e-07,42.098493337631226,13.101731300354004,26.36362590074539,7.9133429527282715,20000.0,0.0,64,0,0,5,1,1,0
278,magnus,11.861857891082764,4.691625416278839,3.6480264882614676e-07,179.5366096496582,55.56421947479248,15.096221995353698,209.70982313156128,10000.0,0.0,64,0,1,5,1,10,0
279,magnus,15.986754417419434,7.800576009750366,9.124430296434549e-08,47.68466377258301,15.576425790786743,27.626792829036713,201.67869448661804,20000.0,0.0,64,0,1,5,1,1,0
280,magnus,21.74143934249878,11.081432046890258,4.4692890610468564e-07,71.64955735206604,21.418089151382446,40.25320452690124,7.105053424835205,20000.0,0.0,1,0,1,3,1,1,0
281,magnus,22.482635974884033,11.9220667552948,2.769567989484377e-06,450.34516406059265,133.11432266235352,40.38392674922943,8.42974305152893,20000.0,0.0,1,0,2,2,1,10,0
282,dyson,67.73383593559265,63.81962491750717,3.9066433198175665e-10,155.00623655319214,79.72534728050232,126.36762366771698,242.8050456047058,30000.0,0.0,1,0,2,5,1,1,0
283,magnus,17.085948944091797,7.164508852958679,1.3094055205485858e-09,223.5176248550415,84.99862480163574,19.016914525032043,4054.7933893203735,10000.0,0.0,64,0,2,5,1,10,0
284,dyson,4.148975610733032,2.037118237018585,0.0007082107846687731,11.452290058135986,4.614026784896851,4.766560487747192,1.890693187713623,40000.0,0.0,1,0,0,2,1,1,0
285,dyson,5.104866027832031,2.3170974159240725,0.0007082164194475654,13.654396295547485,5.613236427307129,5.309859714508057,3.23284649848938,40000.0,0.0,1,0,1,2,1,1,0
286,dyson,70.78461384773254,72.02751940488815,3.9066433198175665e-10,168.35813999176025,91.9728741645813,137.75066680908202,256.35488510131836,30000.0,0.0,1,0,2,5,1,1,0
287,dyson,6.20501708984375,2.744456322193146,0.0007082359794110645,16.59739398956299,6.774832248687744,6.403491191864013,7.830291509628296,40000.0,0.0,1,0,2,2,1,1,0
288,dyson,4.602089166641235,2.228018319606781,0.0007082107846687731,12.049681425094604,5.134603500366211,5.150508041381836,2.2382118701934814,40000.0,0.0,1,0,0,2,1,1,0
289,magnus,26.037766218185425,13.099984905719758,4.523985640555268e-07,83.06760263442993,25.84970712661743,43.36881064176559,27.840404748916626,20000.0,0.0,1,0,2,3,1,1,0
290,dyson,4.350479364395142,2.129771945476532,8.53714800298701e-06,12.301843166351318,4.839669466018677,4.942351377010345,1.9207441806793213,40000.0,0.0,1,0,0,3,1,1,0
291,dyson,5.781107664108276,2.5190283036231995,0.0007082164194475654,15.502948999404907,6.233963489532471,5.894426436424255,3.8454697132110596,40000.0,0.0,1,0,1,2,1,1,0
292,magnus,20.940787076950073,11.72120029449463,7.206840565408651e-07,436.7764058113098,130.88655519485474,39.263204412460325,2.3863284587860107,20000.0,0.0,1,0,0,3,1,10,0
293,dyson,6.70955228805542,3.4968382215499876,8.533946291293344e-06,18.664485692977905,7.467655897140503,7.97719161272049,4.851821660995483,40000.0,0.0,1,0,1,3,1,1,0
294,magnus,13.888005256652832,7.946519742012024,2.8292812225747835e-06,288.14058923721313,89.57565402984619,28.18656405210495,2.0885226726531982,20000.0,0.0,64,0,0,2,1,10,0
295,magnus,20.90470314025879,9.9307089304924,1.318876597993722e-10,59.694291830062866,21.70380401611328,32.33217164993286,3789.688682079315,20000.0,0.0,64,0,2,5,1,1,0
296,dyson,11.90241265296936,7.319903080463409,8.533652446471701e-06,30.7485249042511,13.104763746261597,15.862807438373565,17.545547246932983,40000.0,0.0,1,0,2,3,1,1,0
297,dyson,5.000293970108032,2.50263307094574,1.3785863642715283e-07,14.064284563064575,5.586023569107056,5.681451256275177,2.2397031784057617,40000.0,0.0,1,0,0,4,1,1,0
298,magnus,21.120795488357544,10.76079391002655,5.412411745233959e-07,70.38379693031311,20.447344303131104,39.933606083393094,2.8224501609802246,20000.0,0.0,1,0,0,4,1,1,0
299,magnus,15.16346526145935,8.052042880058288,2.7529564393506706e-06,310.30636501312256,90.81898713111877,28.600615751743316,4.668832063674927,20000.0,0.0,64,0,1,2,1,10,0
300,magnus,16.790048360824585,10.482569305896758,6.109079588569928e-07,53.68632459640503,16.132943153381348,38.9378603887558,2.082664966583252,30000.0,0.0,64,0,0,2,1,1,0
301,magnus,15.028176546096802,8.222054591178894,2.769570923909144e-06,303.6814007759094,92.23939919471741,28.69919363975525,8.221912622451782,20000.0,0.0,64,0,2,2,1,10,0
302,dyson,1.7733101844787598,0.22688940525054932,0.010874247728263698,41.32446002960205,14.58135175704956,0.7007335591316223,3.498638868331909,10000.0,0.0,64,0,0,2,1,50,0
303,dyson,2.0757534503936768,0.2380950164794922,0.010874332546942646,42.63060212135315,13.700761318206787,0.7321986842155457,4.785102605819702,10000.0,0.0,64,0,1,2,1,50,0
304,dyson,2.382966995239258,0.23211960077285768,0.01087463919219259,43.269800662994385,14.991629838943481,0.7544231939315796,8.405014038085938,10000.0,0.0,64,0,2,2,1,50,0
305,dyson,1.8992230892181396,0.23470940828323364,0.000493856401439029,41.859739542007446,14.33791971206665,0.7027666854858399,3.0377280712127686,10000.0,0.0,64,0,0,3,1,50,0
306,dyson,2.457929849624634,0.2513375091552734,0.000493827522654647,45.89598822593689,15.245748519897461,0.7627453589439392,6.6459925174713135,10000.0,0.0,64,0,1,3,1,50,0
307,dyson,3.723104238510132,0.29211666584014895,0.0004938125461717485,53.724111795425415,18.45730948448181,0.8792057394981384,16.31203269958496,10000.0,0.0,64,0,2,3,1,50,0
308,dyson,2.0333011150360107,0.23710521221160888,3.5596882183482036e-06,42.101157426834106,13.991127490997314,0.7271882057189941,3.37406587600708,10000.0,0.0,64,0,0,4,1,50,0
309,dyson,3.253500461578369,0.27725043296813967,2.3512695181065385e-06,54.749908685684204,18.083776235580444,0.9188384604454041,11.702901363372803,10000.0,0.0,64,0,1,4,1,50,0
310,magnus,14.280114650726318,8.398894369602203,7.206836811781671e-07,305.10981941223145,94.01765942573547,28.437632098197938,2.4519336223602295,20000.0,0.0,64,0,0,3,1,10,0
311,dyson,5.1527087688446045,0.8801376938819885,2.0562113930729677e-06,112.56966423988342,48.04743051528931,1.9460857558250426,41.49282670021057,10000.0,0.0,64,0,2,4,1,50,0
312,dyson,2.779111862182617,0.24615541219711304,2.1859056395248465e-06,44.62574028968811,14.608680963516235,0.7389462733268738,4.0622570514678955,10000.0,0.0,64,0,0,5,1,50,0
313,dyson,4.162307262420654,0.5571387600898743,3.752940719895967e-07,81.16963076591492,31.754847764968872,1.4227136158943177,21.61884045600891,10000.0,0.0,64,0,1,5,1,50,0
314,magnus,14.749096393585205,8.702200934886932,4.4693382061743427e-07,310.86746621131897,90.72724747657776,29.07131308555603,9.404199361801147,20000.0,0.0,64,0,1,3,1,10,0
315,magnus,15.949723958969116,9.13714537858963,4.5240164534730885e-07,333.3300518989563,93.60432982444763,30.72874101638794,35.61980748176575,20000.0,0.0,64,0,2,3,1,10,0
316,dyson,2.9909186363220215,0.18588134288787841,0.010874247728263698,66.70331740379333,24.592074871063232,0.5675344371795654,4.196819543838501,10000.0,0.0,64,0,0,2,1,100,0
317,dyson,3.324962615966797,0.1891290521621704,0.010874332546942646,69.33773851394653,25.45270538330078,0.5706358194351197,5.017575263977051,10000.0,0.0,64,0,1,2,1,100,0
318,dyson,3.5215301513671875,0.19076319217681884,0.01087463919219259,74.09707713127136,26.413572072982788,0.5907510542869567,7.424139738082886,10000.0,0.0,64,0,2,2,1,100,0
319,dyson,2.944136381149292,0.18601635217666626,0.000493856401439029,69.58902835845947,24.252058029174805,0.5917459654808045,3.265535354614258,10000.0,0.0,64,0,0,3,1,100,0
320,dyson,4.166001319885254,0.19880649089813232,0.000493827522654647,79.91077041625977,28.46554970741272,0.633788161277771,6.508146286010742,10000.0,0.0,64,0,1,3,1,100,0
321,dyson,5.09186053276062,0.2245718717575073,0.0004938125461717485,90.28311228752136,30.456698417663574,0.7254934000968933,13.995229244232178,10000.0,0.0,64,0,2,3,1,100,0
322,dyson,3.185574769973755,0.18783673286437988,3.5596882183482036e-06,69.59616899490356,25.405914306640625,0.5886094975471496,3.8133580684661865,10000.0,0.0,64,0,0,4,1,100,0
323,dyson,4.636311054229736,0.23296727895736694,2.3512695181065385e-06,90.99323034286499,31.975462198257446,0.7213463878631592,10.786089181900024,10000.0,0.0,64,0,1,4,1,100,0
324,magnus,15.127750158309937,8.603553175926208,5.412334870796265e-07,335.7122311592102,93.76059532165527,30.724013998508454,3.711773633956909,20000.0,0.0,64,0,0,4,1,10,0
325,magnus,16.2893807888031,8.874799361228943,9.12249556446452e-08,311.04114818573,104.71907043457031,29.76297213792801,49.02296686172485,20000.0,0.0,64,0,1,4,1,10,0
326,magnus,18.22454285621643,10.430262956619263,1.9249404984149198e-10,345.2727909088135,114.55387330055237,32.51565455436707,420.75846886634827,20000.0,0.0,64,0,2,4,1,10,0
327,dyson,1.860180377960205,0.24264682769775392,0.010874935434759614,109.12327527999878,38.522852659225464,0.6851175785064697,3.4439260959625244,10000.0,0.0,64,0,0,2,1,150,0
328,dyson,2.0094549655914307,0.2302027146021525,0.010875015575994188,109.58339476585388,35.72323656082153,0.6988962109883626,4.594607591629028,10000.0,0.0,64,0,1,2,1,150,0
329,dyson,2.369983434677124,0.22832249800364177,0.010875323369982934,113.52550172805786,38.53090214729309,0.7097838830947876,8.010107517242432,10000.0,0.0,64,0,2,2,1,150,0
330,dyson,1.8783059120178223,0.21753409385681152,0.0004948730329149984,111.86086893081665,37.11510634422302,0.690850248336792,3.001317024230957,10000.0,0.0,64,0,0,3,1,150,0
331,dyson,2.467163562774658,0.2330663522084554,0.0004948442614782049,118.2631106376648,37.99637246131897,0.7602316109339396,6.824404239654541,10000.0,0.0,64,0,1,3,1,150,0
332,dyson,3.3631503582000732,0.2797433121999105,0.0004948293742833732,136.50742101669312,44.83709168434143,0.863853276570638,15.572500467300415,10000.0,0.0,64,0,2,3,1,150,0
333,dyson,2.2885313034057617,0.23074780464172362,3.6512280720088223e-06,107.53984141349792,36.096415519714355,0.6849384641647339,3.2277984619140625,10000.0,0.0,64,0,0,4,1,150,0
334,dyson,3.1381566524505615,0.26844122250874836,2.389288059791141e-06,142.8162055015564,45.59771752357483,0.9044823853174845,11.667492151260376,10000.0,0.0,64,0,1,4,1,150,0
335,magnus,14.556114912033081,8.376127827167512,5.412421426120639e-07,316.1417124271393,92.32819771766663,30.3613933134079,7.007651329040527,20000.0,0.0,64,0,0,5,1,10,0
336,magnus,16.76371669769287,10.014445624351502,9.124430261952316e-08,351.10539078712463,112.55446696281433,31.733834667205812,292.8707187175751,20000.0,0.0,64,0,1,5,1,10,0
337,dense,2.8723886013031006,0.6991635489463807,0.0038288579028160886,12.438122749328613,3.3484914302825928,4.766344594955444,0.0,0.0,1e-06,64,0,10,0,1,1,0
338,dense,2.882582187652588,0.6953600430488587,0.0038288579034646626,12.479828834533691,3.362114667892456,4.73676442861557,0.0,0.0,1e-06,1,0,10,0,1,1,0
339,dense,3.474998712539673,0.8878267884254456,0.0038288579034018886,69.48933839797974,12.978262901306152,5.617766211032867,0.0,0.0,1e-06,1,0,10,0,1,10,0
340,dense,2.4954001903533936,0.8940712952613831,0.0038288579027993845,72.17874479293823,11.954493761062622,6.204663541316986,0.0,0.0,1e-06,64,0,10,0,1,10,0
341,dense,3.336871385574341,0.9168479347229004,0.0038288579034018886,316.306880235672,50.6579430103302,6.03550877571106,0.0,0.0,1e-06,1,0,10,0,1,50,0
342,dense,3.185317277908325,0.9273417186737061,0.0038288579034018886,630.2142307758331,98.26835584640503,6.080436460971832,0.0,0.0,1e-06,1,0,10,0,1,100,0
343,dense,3.4150772094726562,1.114507236480713,0.0002003104728927515,15.497691869735718,3.780047655105591,7.61553941488266,0.0,0.0,1e-07,64,0,10,0,1,1,0
344,dense,3.4110093116760254,1.1038683032989502,0.0002003104740550492,15.592598915100098,3.777517318725586,7.801185901165009,0.0,0.0,1e-07,1,0,10,0,1,1,0
345,dense,3.748140811920166,1.422527265548706,0.00020031047410502248,104.6438500881195,18.119693994522095,9.035101718902588,0.0,0.0,1e-07,1,0,10,0,1,10,0
346,dense,2.8577301502227783,1.490859603881836,0.0002003104727944267,105.34857940673828,17.344764471054077,9.647415525913239,0.0,0.0,1e-07,64,0,10,0,1,10,0
347,dense,3.6173439025878906,1.458765823841095,0.00020031047410502248,503.2219612598419,77.0139262676239,10.252838072776795,0.0,0.0,1e-07,1,0,10,0,1,50,0
348,dense,4.0441460609436035,1.7515454006195068,9.361886786856917e-06,18.96912932395935,4.178346633911133,11.770483884811402,0.0,0.0,1e-08,64,0,10,0,1,1,0
349,dense,4.114309787750244,1.7467892169952393,9.405946149430908e-06,19.586299419403076,4.274029731750488,11.777553939819336,0.0,0.0,1e-08,1,0,10,0,1,1,0
350,dense,4.596522808074951,2.1850338315963747,9.405945748478715e-06,156.0944685935974,25.76280951499939,14.134950931072234,0.0,0.0,1e-08,1,0,10,0,1,10,0
351,dense,3.6108715534210205,2.254641442298889,9.361886765033013e-06,158.7661440372467,25.16501784324646,14.895499937534332,0.0,0.0,1e-08,64,0,10,0,1,10,0
352,dense,3.1327667236328125,1.0346569776535035,0.0038203942103951704,1095.2103815078735,160.63153767585754,7.386555331548055,0.0,0.0,1e-06,1,0,10,0,1,150,0
353,dense,3.5225443840026855,1.6024861860275268,0.00020031047410502248,1162.0837194919586,156.7599232196808,11.783623793125152,0.0,0.0,1e-07,1,0,10,0,1,100,0
354,dense,5.288237810134888,2.7354874849319457,4.818055561611921e-07,25.07298994064331,5.545405149459839,18.013652288913725,0.0,0.0,1e-09,64,0,10,0,1,1,0
355,dense,5.221614837646484,2.7049267888069153,4.836628027731553e-07,24.98506808280945,5.523428678512573,17.92064031839371,0.0,0.0,1e-09,1,0,10,0,1,1,0
356,dense,4.572064399719238,2.297758309841156,9.405945748478715e-06,835.8633327484131,117.81998252868652,16.2337042927742,0.0,0.0,1e-08,1,0,10,0,1,50,0
357,dense,6.119717597961426,3.4422055077552796,4.836629365077471e-07,235.11581563949585,38.89088225364685,21.84291692018509,0.0,0.0,1e-09,1,0,10,0,1,10,0
358,dense,4.70528769493103,3.5178054857254026,4.818055520814277e-07,237.1274631023407,39.31583857536316,22.817965109348297,0.0,0.0,1e-09,64,0,10,0,1,10,0
359,dense,7.185661315917969,4.3416361498832705,2.5463406078576565e-08,34.72312068939209,6.954407691955566,27.225445728302002,0.0,0.0,1e-10,64,0,10,0,1,1,0
360,dense,4.370997905731201,2.490893681049347,9.405945748478715e-06,1828.873430967331,252.9578583240509,17.409757285118104,0.0,0.0,1e-08,1,0,10,0,1,100,0
361,dense,3.7621877193450928,1.7631971486409506,0.0002004545583730632,1846.4479112625122,266.05366587638855,11.583466409047444,0.0,0.0,1e-07,1,0,10,0,1,150,0
362,dense,7.114450216293335,4.359191162586212,2.5533627120592166e-08,34.8044273853302,6.953493595123291,27.314626488685608,0.0,0.0,1e-10,1,0,10,0,1,1,0
363,dense,5.87402606010437,3.5964815068244933,4.836629365077471e-07,1224.309644460678,184.92855048179626,23.869755301475525,0.0,0.0,1e-09,1,0,10,0,1,50,0
364,dense,7.530301809310913,5.4664898777008055,2.553448360524129e-08,344.5959994792938,59.22891855239868,32.75957573652268,0.0,0.0,1e-10,1,0,10,0,1,10,0
365,dense,6.591021776199341,5.554610970020295,2.5462753002912012e-08,353.20476174354553,56.74271750450134,34.11584275722504,0.0,0.0,1e-10,64,0,10,0,1,10,0
366,dense,10.090434789657593,6.806758000850677,1.4897022834469577e-09,47.94123673439026,9.489170551300049,41.310755503177646,0.0,0.0,1e-11,64,0,10,0,1,1,0
367,dense,10.123695373535156,6.829061179161072,1.4963078311017244e-09,47.652748107910156,9.538275480270386,41.1405112195015,0.0,0.0,1e-11,1,0,10,0,1,1,0
368,dense,5.56743311882019,3.7850873708724975,4.836629365077471e-07,2636.5547955036163,385.02918457984924,26.907064034938813,0.0,0.0,1e-09,1,0,10,0,1,100,0
369,dense,4.224193096160889,2.5751920557022094,9.372722732249894e-06,2730.8783297538757,392.67061471939087,18.178830728530883,0.0,0.0,1e-08,1,0,10,0,1,150,0
370,dense,7.496859312057495,5.646054458618164,2.553448360524129e-08,1796.259780883789,287.2978689670563,35.61437496185303,0.0,0.0,1e-10,1,0,10,0,1,50,0
371,dense,10.423022031784058,8.59873744726181,1.497241389226849e-09,514.5897221565247,88.8792474269867,49.86976922512054,0.0,0.0,1e-11,1,0,10,0,1,10,0
372,dense,9.403191566467285,8.605999374389649,1.488394860928117e-09,526.5814671516418,91.36584258079529,52.78412517309189,0.0,0.0,1e-11,64,0,10,0,1,10,0
373,dense,14.643632888793945,10.78737770318985,1.684242667701637e-10,66.43316841125488,13.621058940887451,60.43811593532562,0.0,0.0,1e-12,64,0,10,0,1,1,0
374,dense,14.636769533157349,10.63905122756958,1.7016756794542698e-10,65.95408201217651,13.451262474060059,60.388024325370786,0.0,0.0,1e-12,1,0,10,0,1,1,0
375,dense,7.341751575469971,6.05764924287796,2.553448360524129e-08,3929.0019142627716,601.4938218593597,39.254014542102816,0.0,0.0,1e-10,1,0,10,0,1,100,0
376,dense,5.530125379562378,4.076380232175191,4.81684129327176e-07,4234.062670707703,612.1109220981598,27.844525958697,0.0,0.0,1e-09,1,0,10,0,1,150,0
377,dense,10.32484745979309,8.940786924362182,1.497241389226849e-09,2729.001017808914,452.03084325790405,53.15697722196579,0.0,0.0,1e-11,1,0,10,0,1,50,0
378,dense,15.290674924850464,13.56825924873352,1.8070805496139167e-10,761.3492028713226,139.2573573589325,73.46096301317215,0.0,0.0,1e-12,1,0,10,0,1,10,0
379,dense,14.269665718078613,13.638984026908874,1.630695596260384e-10,799.0769386291504,141.07252979278564,81.91028347492218,0.0,0.0,1e-12,64,0,10,0,1,10,0
380,dense,21.911401987075806,16.256191275119782,1.5568873280636267e-10,100.65956687927246,18.712927103042603,95.86497551202774,0.0,0.0,1e-13,1,0,10,0,1,1,0
381,dense,21.806960582733154,16.292143099308014,1.5124062562061428e-10,100.7396674156189,18.69342279434204,96.08332592725753,0.0,0.0,1e-13,64,0,10,0,1,1,0
382,dense,10.128678321838379,9.033153157234192,1.497241389226849e-09,6151.7150757312775,914.1027071475983,61.34141600370407,0.0,0.0,1e-11,1,0,10,0,1,100,0
383,dense,7.022811651229858,6.423666283289592,2.5417849550361386e-08,6375.751044988632,930.8614604473114,42.22476795832316,0.0,0.0,1e-10,1,0,10,0,1,150,0
384,dense,15.0900399684906,14.09466794013977,1.8070805496139167e-10,4267.559169769287,713.0035915374756,83.93497321844102,0.0,0.0,1e-12,1,0,10,0,1,50,0
385,dense,23.082458972930908,21.800875160694122,1.395290162748461e-10,1198.0473403930664,219.43585538864136,117.42909586668014,0.0,0.0,1e-13,1,0,10,0,1,10,0
386,dense,20.978942394256592,21.834029104709625,1.3133264737079582e-10,1202.124934911728,243.6116271018982,122.39447535037995,0.0,0.0,1e-13,64,0,10,0,1,10,0
387,dense,33.325939655303955,26.829556589126586,1.7584304244658886e-10,152.54590249061584,29.717617750167847,148.38904495239257,0.0,0.0,1e-14,1,0,10,0,1,1,0
388,dense,33.274205923080444,26.441122434139253,1.6120029740182002e-10,152.30010890960693,29.664711236953735,148.6450234079361,0.0,0.0,1e-14,64,0,10,0,1,1,0
389,dense,2.2746870517730713,0.9127506947517395,0.0038288579027993845,290.15813064575195,48.07002401351929,5.614480168819427,0.0,0.0,1e-06,64,0,10,0,1,50,0
390,dense,2.773068428039551,1.4436933016777038,0.0002003104727944267,469.34235644340515,74.48265409469604,9.247275249958038,0.0,0.0,1e-07,64,0,10,0,1,50,0
391,dense,3.540046453475952,2.2424676990509034,9.361886765033013e-06,725.351466178894,113.55357193946838,14.290467834472656,0.0,0.0,1e-08,64,0,10,0,1,50,0
392,dense,14.937072038650513,15.012202365398407,1.8070805496139167e-10,9031.19423031807,1534.2479820251465,91.17797553300858,0.0,0.0,1e-12,1,0,10,0,1,100,0
393,dense,10.354844808578491,9.99521495660146,1.4886917645343886e-09,9628.503028154373,1531.8026714324951,64.02776762803396,0.0,0.0,1e-11,1,0,10,0,1,150,0
394,dense,4.669518232345581,3.5567093181610105,4.818055520814277e-07,1111.7709205150604,179.5566370487213,21.617845008373262,0.0,0.0,1e-09,64,0,10,0,1,50,0
395,dense,21.696901082992554,22.318214538097383,1.395290162748461e-10,6370.0804233551025,1122.3819210529327,126.49303751468659,0.0,0.0,1e-13,1,0,10,0,1,50,0
396,dense,34.636369705200195,34.56256598711014,1.8012855254912813e-10,1831.7366127967834,347.5683264732361,181.20679036855697,0.0,0.0,1e-14,1,0,10,0,1,10,0
397,dense,6.3935768604278564,5.562735450267792,2.5462753002912012e-08,1629.080809354782,282.21533727645874,32.496516518592834,0.0,0.0,1e-10,64,0,10,0,1,50,0
398,dense,32.59226322174072,35.46275717020035,1.6469671488763497e-10,1894.0060708522797,341.1310396194458,185.93969877481462,0.0,0.0,1e-14,64,0,10,0,1,10,0
399,dense,2.5110340118408203,0.8325555825233459,0.0038288579027993845,538.1339848041534,85.57761979103088,5.276913640499115,0.0,0.0,1e-06,64,0,10,0,1,100,0
400,dense,3.060556411743164,1.3206130647659302,0.0002003104727944267,884.2697451114655,136.33560514450073,8.859192442893981,0.0,0.0,1e-07,64,0,10,0,1,100,0
401,dense,9.167484998703003,8.740140423774719,1.488394860928117e-09,2467.0194141864777,438.45988750457764,48.90201945543289,0.0,0.0,1e-11,64,0,10,0,1,50,0
402,dense,3.9286625385284424,2.084735813140869,9.361886765033013e-06,1394.2958693504333,213.52744460105896,13.807431044578552,0.0,0.0,1e-08,64,0,10,0,1,100,0
403,dense,4.640405178070068,3.273438799381256,4.818055520814277e-07,2145.3302879333496,330.7005605697632,21.038121490478517,0.0,0.0,1e-09,64,0,10,0,1,100,0
404,dense,13.589565515518188,13.95865876674652,1.630695596260384e-10,3788.3354785442352,696.1722664833069,74.72147108316422,0.0,0.0,1e-12,64,0,10,0,1,50,0
405,dense,6.514203786849976,5.138836262226104,2.5462753002912012e-08,3186.2998785972595,518.4209427833557,31.723311293125153,0.0,0.0,1e-10,64,0,10,0,1,100,0
406,dense,9.428496837615967,8.124396216869354,1.488394860928117e-09,4762.206409931183,817.7951786518097,47.7603798866272,0.0,0.0,1e-11,64,0,10,0,1,100,0
407,dense,20.401865482330322,21.86042364358902,1.3133264737079582e-10,5785.1318526268005,1095.4831793308258,114.25966539382935,0.0,0.0,1e-13,64,0,10,0,1,50,0
408,dense,2.5940306186676025,0.7641207965215048,0.0038203942095931744,838.8996870517731,122.2110104560852,5.234632317225138,0.0,0.0,1e-06,64,0,10,0,1,150,0
409,dense,3.4688284397125244,1.2292623790105184,0.00020045455656187423,1278.5021443367004,186.64766216278076,8.530942346254985,0.0,0.0,1e-07,64,0,10,0,1,150,0
410,dense,12.78893780708313,12.967035241127014,1.630695596260384e-10,7250.150153636932,1293.8291487693787,72.67517960786819,0.0,0.0,1e-12,64,0,10,0,1,100,0
411,dense,4.066560983657837,2.0823705514272053,9.339455199969765e-06,2018.009070634842,309.21201634407043,13.365594517389933,0.0,0.0,1e-08,64,0,10,0,1,150,0
412,dense,4.68013596534729,3.04511474609375,4.806118255794185e-07,3078.9915606975555,455.63884019851685,22.144817368189493,0.0,0.0,1e-09,64,0,10,0,1,150,0
413,dense,6.344676733016968,4.654331390062968,2.535227262537374e-08,4635.911062717438,779.4772021770477,32.766843835512795,0.0,0.0,1e-10,64,0,10,0,1,150,0
414,dense,19.146459579467773,20.536743025779725,1.3133264737079582e-10,10899.130176782608,2056.956198692322,109.46191423177719,0.0,0.0,1e-13,64,0,10,0,1,100,0
415,dense,9.46795105934143,8.057019980748494,1.4804130869823603e-09,7032.128091096878,1261.282868385315,46.6872035296758,0.0,0.0,1e-11,64,0,10,0,1,150,0
416,dense,16.70349955558777,13.133618639310201,1.689380781658088e-10,11476.712944507599,1796.7423536777496,70.32972791989644,0.0,0.0,1e-12,64,0,10,0,1,150,0
